test,test,testmaadi,04/12/2023,cairo,10,test1234@hotmail.com,123456
test,test,testmaadi,05/12/2023,cairo,11,test1235@hotmail.com,123457
test,test,testmaadi,06/12/2023,cairo,12,test1236@hotmail.com,123458
test,test,testmaadi,07/12/2023,cairo,13,test1237@hotmail.com,123459
test,test,testmaadi,08/12/2023,cairo,14,test1238@hotmail.com,123460
test,test,testmaadi,09/12/2023,cairo,15,test1239@hotmail.com,123461
test,test,testmaadi,10/12/2023,cairo,16,test1240@hotmail.com,123462
test,test,testmaadi,11/12/2023,cairo,17,test1241@hotmail.com,123463
test,test,testmaadi,12/12/2023,cairo,18,test1242@hotmail.com,123464
test,test,testmaadi,13/12/2023,cairo,19,test1243@hotmail.com,123465
,,,,,,,
,,,,,,,
,,,,,,,
